xrayTrain/E004030004D5F999_2_538/1_15790092170_4E004030004D5F999.png,.538
xrayTrain/vizE004010010630740_3_950/_1_15749576416_5_E004010010630740.png,.950
xrayTrain/E00401000F095335_3_520/0_15784044244_4E00401000F095335_01101.png,.520
xrayTrain/2_1_240/1_15743411674_4_0.png,.240
xrayTrain/E00403500A0BFCA3_1_326/1_15731375888_4_E00403500A0BFCA3_E00403500A0BFCA3.png,.326
xrayTrain/E0040300063224A8_2_912/0_15784048174_4E0040300063224A8_01100.png,.912
xrayTrain/E004030007D66157_1_366/1_15731364783_4_E004030007D66157_E004030007D66157.png,.366
xrayTrain/E00403000632320E_3_1310/1_15790065387_5E00403000632320E.png,1.310
xrayTrain/6_1_248/1_15743453586_4_.png,.248
xrayTrain/E00403000219E862_1_304/1_15731339321_4_E00403000219E862_E00403000219E862.png,.304
xrayTrain/vizE00403000631684F_3_894/_0_15749514626_5_E00403000631684F.png,.894
xrayTrain/E00401001276664D_1_312/1_15731373191_4_E00401001276664D_E00401001276664D.png,.312
xrayTrain/E00403000631684F_3_552/0_15790090734_4E00403000631684F_00001.png,.552
xrayTrain/E00403500A0BFCA3_1_326/1_15731371726_4_E00403500A0BFCA3_E00403500A0BFCA3.png,.326
xrayTrain/vizE004010010630740_3_950/_0_15749500286_3_E004010010630740.png,.950
xrayTrain/E00403000219CEE4_2_884/1_15731370913_5_E00403000219CEE4_E00403000219CEE4.png,.884
xrayTrain/E004030001ACE7F2_3_894/1_15783987081_5E004030001ACE7F2.png,.894
xrayTrain/3_1_200/1_15743428882_4_0.png,.200
xrayTrain/E004030001ACE7F2_3_894/1_15789992058_5E004030001ACE7F2.png,.894
xrayTrain/vizE00403000631684F_3_894/_1_15749583640_5_E00403000631684F.png,.894
xrayTrain/E004030006316957_2_752/1_15731338049_5_E004030006316957_E004030006316957.png,.752
xrayTrain/vizE00403000632320E_3_712/_0_15749504012_5_E00403000632320E.png,.712
xrayTrain/vizE0040300063303E2_3_598/_0_15749575099_5_E0040300063303E2.png,.598
xrayTrain/E00403000631684F_3_552/0_15784059348_4E00403000631684F_01001.png,.552
xrayTrain/vizE00403000632320E_3_712/_1_15749584347_5_E00403000632320E.png,.712
xrayTrain/vizE004030006333988_3_902/_0_15749581336_5_E004030006333988.png,.902
xrayTrain/E00403500A0BFCA3_1_326/1_15790077207_4E00403500A0BFCA3.png,.326
xrayTrain/E00403500C44A8B4_2_582/1_15790019883_4E00403500C44A8B4.png,.582
xrayTrain/E004030001ACE7F2_3_894/1_15783987635_5E004030001ACE7F2.png,.894
xrayTrain/E0040300063303E2_3_750/0_15789999796_4E0040300063303E2_00010.png,.750
xrayTrain/vizE004030006318B71_3_740/_1_15749510152_5_E004030006318B71.png,.740
xrayTrain/E00403500CD469E5_1_186/1_15731344535_4_E00403500CD469E5_E00403500CD469E5.png,.186
xrayTrain/E004030001ACE7F2_3_894/0_15790041657_5E004030001ACE7F2_00010.png,.894
xrayTrain/vizE004030006318B71_3_740/_1_15749588395_5_E004030006318B71.png,.740
xrayTrain/vizE00403000631684F_3_894/_0_15749582258_5_E00403000631684F.png,.894
xrayTrain/E00403000631684F_3_552/0_15784040004_4E00403000631684F_01101.png,.552
xrayTrain/vizE0040300063303E2_3_598/_0_15749553120_4_E0040300063303E2.png,.598
xrayTrain/E00401000F095335_3_520/0_15789993438_4E00401000F095335_01001.png,.520
xrayTrain/E00403500A0BFCA3_1_326/1_15790067131_4E00403500A0BFCA3.png,.326
xrayTrain/E0040300063303E2_3_750/1_15784015933_4E0040300063303E2.png,.750
xrayTrain/vizE004010010630740_3_950/_0_15744243501_5_E004010010630740.png,.950
xrayTrain/vizE01622C104187E27_3_662/_1_15749565709_5_E01622C104187E27.png,.662
xrayTrain/E0040300063305A1_2_958/1_15731333451_5_E0040300063305A1_E0040300063305A1.png,.958
xrayTrain/E004030006317088_1_298/1_15790017915_4E004030006317088.png,.298
xrayTrain/E004010010630740_3_708/1_15731335224_5_E004010010630740_E004010010630740.png,.708
xrayTrain/E00403000632320E_3_1310/0_15790049409_5E00403000632320E_00010.png,1.310
xrayTrain/E004030001ACE7F2_3_894/1_15784040382_5E004030001ACE7F2.png,.894
xrayTrain/vizE00403000632320E_3_712/_1_15749565885_5_E00403000632320E.png,.712
xrayTrain/E004030007D66157_1_366/1_15731371305_4_E004030007D66157_E004030007D66157.png,.366
xrayTrain/E004030007D66157_1_366/1_15731333059_4_E004030007D66157_E004030007D66157.png,.366
xrayTrain/E0040300063305A1_2_958/1_15731355607_5_E0040300063305A1_E0040300063305A1.png,.958
xrayTrain/3_1_200/1_15743428405_4_.png,.200
xrayTrain/E00403500C44A8B4_2_582/1_15790077820_4E00403500C44A8B4.png,.582
xrayTrain/E004030006317088_1_298/1_15731373159_4_E004030006317088_E004030006317088.png,.298
xrayTrain/E00403000631684F_3_552/0_15784010632_4E00403000631684F_00001.png,.552
xrayTrain/E004030006318B71_2_964/1_15784130571_5E004030006318B71.png,.964
xrayTrain/6_1_248/1_15743451696_4_0.png,.248
xrayTrain/E0040300063303E2_3_750/0_15784001006_4E0040300063303E2_00011.png,.750
xrayTrain/6_1_248/1_15743450914_4_0.png,.248
xrayTrain/vizE00403000632320E_3_712/_1_15749591580_5_E00403000632320E.png,.712
xrayTrain/E004030006318B71_2_964/1_15784162620_5E004030006318B71.png,.964
xrayTrain/E00401000F095335_3_520/0_15784060265_4E00401000F095335_00001.png,.520
xrayTrain/E004030007D66157_1_366/1_15731331674_4_E004030007D66157_E004030007D66157.png,.366
xrayTrain/E0040300063303E2_3_750/0_15790045190_4E0040300063303E2_01000.png,.750
xrayTrain/vizE0040300063303E2_3_598/_0_15749498782_3_E0040300063303E2.png,.598
xrayTrain/E00403000631ABE6_1_272/1_15790017957_4E00403000631ABE6.png,.272
xrayTrain/E0040300063224A8_2_912/0_15789993417_4E0040300063224A8_01100.png,.912
xrayTrain/E00403000631684F_3_552/0_15790031757_4E00403000631684F_01001.png,.552
xrayTrain/E00403500CD469E5_1_186/1_15731342075_4_E00403500CD469E5_E00403500CD469E5.png,.186
xrayTrain/vizE00403000632320E_3_712/_1_15749588416_5_E00403000632320E.png,.712
xrayTrain/E004030006318256_2_572/1_15790079090_4E004030006318256.png,.572
xrayTrain/E00401000F098D4B_1_248/1_15731341658_4_E00401000F098D4B_E00401000F098D4B.png,.248
xrayTrain/E00403000632320E_2_441/1_15731361589_4_E00403000632320E_E00403000632320E.png,.441
xrayTrain/E00401000F095335_3_520/0_15784022172_4E00401000F095335_01001.png,.520
xrayTrain/empty_0_0/1_15738205993_40.png,0
xrayTrain/3_1_200/1_15743428182_4_0.png,.200
xrayTrain/vizE00403500CD469E5_3_814/_0_15749571773_5_E00403500CD469E5.png,.814
xrayTrain/E00403000632320E_3_1310/1_15789996177_5E00403000632320E.png,1.310
xrayTrain/5_1_206/1_15743441606_4_0.png,.206
xrayTrain/E00401000F095335_3_520/0_15784010091_4E00401000F095335_01001.png,.520
xrayTrain/vizE004030006323A31_3_1092/_1_15749588558_5_E004030006323A31.png,1.092
xrayTrain/E00403000219CEE4_2_884/1_15731346189_5_E00403000219CEE4_E00403000219CEE4.png,.884
xrayTrain/E00403000632320E_3_1310/1_15790016654_5E00403000632320E.png,1.310
xrayTrain/E00401000F095335_3_520/0_15784135230_4E00401000F095335_01001.png,.520
xrayTrain/E00403000219CEE4_2_884/1_15731335297_5_E00403000219CEE4_E00403000219CEE4.png,.884
xrayTrain/E00401000F098D4B_1_248/1_15731331394_4_E00401000F098D4B_E00401000F098D4B.png,.248
xrayTrain/vizE004030006333988_3_902/_0_15749492188_5_E004030006333988.png,.902
xrayTrain/E00403000631ABE6_1_272/1_15790019327_4E00403000631ABE6.png,.272
xrayTrain/E00401000F098D4B_1_248/1_15731361674_4_E00401000F098D4B_E00401000F098D4B.png,.248
xrayTrain/vizE004030006318B71_3_740/_1_15749572223_5_E004030006318B71.png,.740
xrayTrain/vizE01622C104187E27_3_662/_0_15749496329_3_E01622C104187E27.png,.662
xrayTrain/vizE004030006333988_3_902/_1_15749587604_5_E004030006333988.png,.902
xrayTrain/E004030006317088_1_298/1_15731325212_4_E004030006317088_E004030006317088.png,.298
xrayTrain/E00403000631684F_3_552/0_15784064313_4E00403000631684F_01001.png,.552
xrayTrain/E004030006318256_2_572/1_15790095629_4E004030006318256.png,.572
xrayTrain/E00403000631ABE6_1_273/1_15731360939_4_E00403000631ABE6_E00403000631ABE6.png,.273
xrayTrain/E00401000F098D4B_3_800/1_15784064723_5E00401000F098D4B.png,.800
xrayTrain/E004030006317088_1_298/1_15790050689_4E004030006317088.png,.298
xrayTrain/E0040300063303E2_1_250/1_15731355007_4_E0040300063303E2_E0040300063303E2.png,.250
xrayTrain/E00403000632320E_2_441/1_15731345705_4_E00403000632320E_E00403000632320E.png,.441
xrayTrain/E00403000219E862_1_304/1_15790005467_4E00403000219E862.png,.304
xrayTrain/E00401000F098D4B_3_800/1_15790097454_5E00401000F098D4B.png,.800
xrayTrain/vizE0040300063303E2_3_598/_1_15749576253_5_E0040300063303E2.png,.598
xrayTrain/vizE004030006333988_3_902/_0_15749571528_5_E004030006333988.png,.902
xrayTrain/E00401000F098D4B_3_800/1_15784015842_5E00401000F098D4B.png,.800
xrayTrain/E00403000632320E_3_1310/1_15784042774_5E00403000632320E.png,1.310
xrayTrain/E00403000632320E_3_1310/1_15790031860_5E00403000632320E.png,1.310
xrayTrain/E00401000F098D4B_1_248/1_15731335788_4_E00401000F098D4B_E00401000F098D4B.png,.248
xrayTrain/E004030006318B71_3_740/1_15731327967_5_E004030006318B71_E004030006318B71.png,.740
xrayTrain/E00401000F095335_3_520/0_15784037685_4E00401000F095335_01011.png,.520
xrayTrain/E00403000631684F_3_552/0_15784162133_4E00403000631684F_00001.png,.552
xrayTrain/E0040300063305A1_2_958/1_15731363290_5_E0040300063305A1_E0040300063305A1.png,.958
xrayTrain/vizE01622C104187E27_3_662/_1_15749587157_5_E01622C104187E27.png,.662
xrayTrain/3_1_200/1_15743428527_4_.png,.200
xrayTrain/E004030001ACE7F2_3_894/1_15783988421_5E004030001ACE7F2.png,.894
xrayTrain/E00401000F098D4B_3_800/1_15790067152_5E00401000F098D4B.png,.800
xrayTrain/0_1_62/1_15737526607_4.png,.062
xrayTrain/E004030004D5F999_2_536/1_15731364238_5_E004030004D5F999_E004030004D5F999.png,.536
xrayTrain/E004030006318B71_2_964/1_15790090942_5E004030006318B71.png,.964
xrayTrain/E00401000F095335_3_520/0_15790017852_4E00401000F095335_01000.png,.520
xrayTrain/E0040300063303E2_1_250/1_15731339979_4_E0040300063303E2_E0040300063303E2.png,.250
xrayTrain/5_1_206/1_15743445022_4_0.png,.206
xrayTrain/vizE00403000632320E_3_712/_1_15749565124_5_E00403000632320E.png,.712
xrayTrain/5_1_206/1_15743447295_4_.png,.206
xrayTrain/E00403000631684F_3_552/0_15783993815_4E00403000631684F_01001.png,.552
xrayTrain/1_1_134/1_15743406052_4_0.png,.134
xrayTrain/vizE0040300063303E2_3_598/_0_15749510060_5_E0040300063303E2.png,.598
xrayTrain/E00403000631ABE6_1_272/1_15790093462_4E00403000631ABE6.png,.272
xrayTrain/vizE01622C104187E27_3_662/_0_15749579168_5_E01622C104187E27.png,.662
xrayTrain/empty_0_0/1_15738205971_40.png,0
xrayTrain/6_1_248/1_15743451178_4_E004035008A6678E.png,.248
xrayTrain/E0040300063303E2_3_750/1_15790046566_4E0040300063303E2.png,.750
xrayTrain/vizE01622C104187E27_3_662/_1_15749492862_5_E01622C104187E27.png,.662
xrayTrain/E00401000F095335_3_520/0_15789989032_4E00401000F095335_01001.png,.520
xrayTrain/E00401000F098D4B_3_800/0_15790018268_5E00401000F098D4B_00010.png,.800
xrayTrain/vizE004030006333988_3_902/_0_15749585512_5_E004030006333988.png,.902
xrayTrain/E00403500C44A8B4_2_582/1_15790032650_4E00403500C44A8B4.png,.582
xrayTrain/2_1_240/1_15743411948_4_0.png,.240
xrayTrain/E004030001ACE7F2_3_894/1_15790066923_5E004030001ACE7F2.png,.894
xrayTrain/E004030006316957_2_752/1_15731359929_5_E004030006316957_E004030006316957.png,.752
xrayTrain/E0040300063303E2_3_750/1_15784127832_4E0040300063303E2.png,.750
xrayTrain/vizE0040300063303E2_3_598/_0_15744237672_4_E0040300063303E2.png,.598
xrayTrain/E00403000631E265_3_1550/0_15789991850_5E00403000631E265_01000.png,1.550
xrayTrain/E00403000631684F_3_552/0_15784007737_4E00403000631684F_01001.png,.552
xrayTrain/E00403000632320E_2_441/1_15731359940_4_E00403000632320E_E00403000632320E.png,.441
xrayTrain/E00401000F095335_3_520/0_15784014804_4E00401000F095335_11001.png,.520
xrayTrain/E004030006316908_3_848/1_15731357804_5_E004030006316908_E004030006316908.png,.848
xrayTrain/E0040300063303E2_3_750/0_15790004529_4E0040300063303E2_01000.png,.750
xrayTrain/E00403000631E265_3_1550/1_15789997121_5E00403000631E265.png,1.550
xrayTrain/vizE01622C104187E27_3_662/_1_15749583486_5_E01622C104187E27.png,.662
xrayTrain/vizE00401000F095335_3_914/_0_15749584756_5_E00401000F095335.png,.914
xrayTrain/E0040300063303E2_3_750/0_15784160445_4E0040300063303E2_00010.png,.750
xrayTrain/E004030007D66157_1_366/1_15731336292_4_E004030007D66157_E004030007D66157.png,.366
xrayTrain/E00403000631684F_3_552/0_15790065294_4E00403000631684F_01011.png,.552
xrayTrain/E00401000F098D4B_3_800/1_15784006841_5E00401000F098D4B.png,.800
xrayTrain/vizE004030006323A31_3_1092/_1_15749569205_5_E004030006323A31.png,1.092
xrayTrain/vizE0040300063303E2_3_598/_0_15749581981_4_E0040300063303E2.png,.598
xrayTrain/vizE00403000631684F_3_894/_1_15749495784_5_E00403000631684F.png,.894
xrayTrain/E00403000631ABE6_1_272/1_15790049170_4E00403000631ABE6.png,.272
xrayTrain/E00403000631E265_3_1550/1_15784046943_5E00403000631E265.png,1.550
xrayTrain/vizE0040300063303E2_3_598/_0_15749511790_3_E0040300063303E2.png,.598
xrayTrain/E00401000F095335_3_520/0_15790066583_4E00401000F095335_00101.png,.520
xrayTrain/E004030004D5F999_2_538/1_15790094199_4E004030004D5F999.png,.538
xrayTrain/E00401000F095335_3_520/0_15790096758_4E00401000F095335_01001.png,.520
xrayTrain/E00403500A0BFCA3_1_326/1_15731338092_4_E00403500A0BFCA3_E00403500A0BFCA3.png,.326
xrayTrain/E0040300063303E2_1_250/1_15731370675_4_E0040300063303E2_E0040300063303E2.png,.250
xrayTrain/E004030006317088_1_298/1_15790079474_4E004030006317088.png,.298
xrayTrain/E00403000219CEE4_2_884/1_15731342985_5_E00403000219CEE4_E00403000219CEE4.png,.884
xrayTrain/E00403000631E265_3_1550/1_15784162711_5E00403000631E265.png,1.550
xrayTrain/E00401000F095335_3_520/0_15789987342_4E00401000F095335_01001.png,.520
xrayTrain/empty_0_0/1_15738205861_40.png,0
xrayTrain/vizE00403500CD469E5_3_814/_0_15749494755_3_E00403500CD469E5.png,.814
xrayTrain/vizE00401000F095335_3_914/_1_15749500622_5_E00401000F095335.png,.914
xrayTrain/empty_0_0/1_15738205485_40.png,0
xrayTrain/E0040300063224A8_2_912/0_15790039139_4E0040300063224A8_01100.png,.912
xrayTrain/6_1_248/1_15743453332_4_.png,.248
xrayTrain/E00403500C44A8B4_2_582/1_15790094407_4E00403500C44A8B4.png,.582
xrayTrain/5_1_206/1_15743441737_4_.png,.206
xrayTrain/E004030007D66157_1_366/1_15731353211_4_E004030007D66157_E004030007D66157.png,.366
xrayTrain/E00403500CD469E5_3_300/0_15789992634_4E00403500CD469E5_01001.png,.300
xrayTrain/E00403000632320E_3_1310/1_15784060080_5E00403000632320E.png,1.310
xrayTrain/E00403500A0BFCA3_1_326/1_15731338899_4_E00403500A0BFCA3_E00403500A0BFCA3.png,.326
xrayTrain/E0040300063303E2_3_750/0_15784038041_4E0040300063303E2_00011.png,.750
xrayTrain/E00401001276664D_1_312/1_15731367352_4_E00401001276664D_E00401001276664D.png,.312
xrayTrain/E0040300063303E2_3_750/1_15790001924_4E0040300063303E2.png,.750
xrayTrain/2_1_240/1_15743413971_4_.png,.240
xrayTrain/vizE00403500CD469E5_3_814/_0_15749513962_3_E00403500CD469E5.png,.814
xrayTrain/E004030006317088_1_298/1_15731356547_4_E004030006317088_E004030006317088.png,.298
xrayTrain/E00401000F098D4B_1_248/1_15731329520_4_E00401000F098D4B_E00401000F098D4B.png,.248
xrayTrain/vizE00403000631684F_3_894/_1_15749568203_5_E00403000631684F.png,.894
xrayTrain/E00403000631E265_3_1550/0_15790003746_5E00403000631E265_00010.png,1.550
xrayTrain/vizE00401000F095335_3_914/_0_15749496988_3_E00401000F095335.png,.914
xrayTrain/E00403000631ABE6_1_273/1_15731342096_4_E00403000631ABE6_E00403000631ABE6.png,.273
xrayTrain/E00403000632320E_3_1310/1_15790041553_5E00403000632320E.png,1.310
xrayTrain/E00403000632320E_3_1310/1_15790011454_5E00403000632320E.png,1.310
xrayTrain/E00403500CD469E5_1_186/1_15731369228_4_E00403500CD469E5_E00403500CD469E5.png,.186
xrayTrain/E00403000631684F_3_894/1_15731365250_5_E00403000631684F_E00403000631684F.png,.894
xrayTrain/vizE00401000F095335_3_914/_1_15749575373_5_E00401000F095335.png,.914
xrayTrain/vizE00403000632320E_3_712/_1_15749581057_5_E00403000632320E.png,.712
xrayTrain/vizE004030006333988_3_902/_0_15749587238_5_E004030006333988.png,.902
xrayTrain/E00403500C44A8B4_2_582/1_15790019026_4E00403500C44A8B4.png,.582
xrayTrain/E00403000631684F_3_552/0_15783999477_4E00403000631684F_01011.png,.552
xrayTrain/E00403000219E862_1_304/1_15731328593_4_E00403000219E862_E00403000219E862.png,.304
xrayTrain/E00403500A0BFCA3_1_326/1_15790033618_4E00403500A0BFCA3.png,.326
xrayTrain/E0040300063305A1_2_958/1_15731357412_5_E0040300063305A1_E0040300063305A1.png,.958
xrayTrain/vizE004010010630740_3_950/_1_15749578408_5_E004010010630740.png,.950
xrayTrain/E0040300063303E2_3_750/0_15784006718_4E0040300063303E2_01001.png,.750
xrayTrain/vizE00403000631684F_3_894/_0_15749577339_5_E00403000631684F.png,.894
xrayTrain/8_3_596/_0_15743464983_4_0.png,.596
xrayTrain/E00403000632320E_3_1310/1_15790003777_5E00403000632320E.png,1.310
xrayTrain/E004030006333988_3_902/1_15731358321_5_E004030006333988_E004030006333988.png,.902
xrayTrain/vizE004030006323A31_3_1092/_1_15749574462_5_E004030006323A31.png,1.092
xrayTrain/E00401000F098D4B_3_800/1_15790003232_5E00401000F098D4B.png,.800
xrayTrain/vizE004030006323A31_3_1092/_1_15749581427_5_E004030006323A31.png,1.092
xrayTrain/E0040300063224A8_2_912/1_15784059583_4E0040300063224A8.png,.912
xrayTrain/E0040300063303E2_3_750/0_15790040590_4E0040300063303E2_01010.png,.750
xrayTrain/E004030006316E18_1_302/1_15790048933_4E004030006316E18.png,.302
xrayTrain/E004030006318B71_3_740/1_15731358332_5_E004030006318B71_E004030006318B71.png,.740
xrayTrain/E004030006318256_2_572/1_15789986470_4E004030006318256.png,.572
xrayTrain/vizE00401000F095335_3_914/_1_15749507470_5_E00401000F095335.png,.914
xrayTrain/E004030001ACE7F2_3_894/1_15784047767_5E004030001ACE7F2.png,.894
xrayTrain/E00403000631684F_3_552/1_15783994444_4E00403000631684F.png,.552
xrayTrain/E00403000219E862_1_304/1_15790006913_4E00403000219E862.png,.304
xrayTrain/E00403500A0BFCA3_1_326/1_15790096177_4E00403500A0BFCA3.png,.326
xrayTrain/E004030006326B0E_1_290/1_15790097110_4E004030006326B0E.png,.290
xrayTrain/E0040300063305A1_2_960/1_15790035462_5E0040300063305A1.png,.960
xrayTrain/vizE00403000632320E_3_712/_1_15749574657_5_E00403000632320E.png,.712
xrayTrain/E00403000631ABE6_1_272/1_15790046628_4E00403000631ABE6.png,.272
xrayTrain/E00403000219E862_1_304/1_15731346920_4_E00403000219E862_E00403000219E862.png,.304
xrayTrain/6_1_248/1_15743449895_4_.png,.248
xrayTrain/E00403000632320E_3_1310/1_15784165659_5E00403000632320E.png,1.310
xrayTrain/E004030006316E18_1_302/1_15790034520_4E004030006316E18.png,.302
xrayTrain/empty_0_0/1_15738205972_4.png,0
xrayTrain/vizE004030006318B71_3_740/_1_15749585206_5_E004030006318B71.png,.740
xrayTrain/vizE004030006323A31_3_1092/_1_15749582065_5_E004030006323A31.png,1.092
xrayTrain/E00401000F095335_3_520/0_15784045601_4E00401000F095335_00001.png,.520
xrayTrain/vizE004030006323A31_3_1092/_0_15749575794_5_E004030006323A31.png,1.092
xrayTrain/E00403500A0BFCA3_1_326/1_15790015589_4E00403500A0BFCA3.png,.326
xrayTrain/E00401000F095335_3_520/0_15784042449_4E00401000F095335_00001.png,.520
xrayTrain/vizE0040300063303E2_3_598/_1_15749571926_5_E0040300063303E2.png,.598
xrayTrain/vizE01622C104187E27_3_662/_1_15749575394_5_E01622C104187E27.png,.662
xrayTrain/E004030001ACE7F2_3_894/1_15784003350_5E004030001ACE7F2.png,.894
xrayTrain/E004030006318256_2_572/1_15790047374_4E004030006318256.png,.572
xrayTrain/E004030006318B71_2_964/1_15790095773_5E004030006318B71.png,.964
xrayTrain/E004030006316E18_1_302/1_15790032027_4E004030006316E18.png,.302
xrayTrain/E00403500A0BFCA3_1_326/1_15790042280_4E00403500A0BFCA3.png,.326
xrayTrain/E004030006318B71_2_964/0_15789993057_5E004030006318B71_00010.png,.964
xrayTrain/E004030006326B0E_1_290/1_15731367135_4_E004030006326B0E_E004030006326B0E.png,.290
xrayTrain/E00403000631684F_3_552/0_15784064946_4E00403000631684F_01000.png,.552
xrayTrain/E0040300063303E2_3_750/0_15784021328_4E0040300063303E2_00010.png,.750
xrayTrain/E004030006316908_3_848/1_15731346529_5_E004030006316908_E004030006316908.png,.848
xrayTrain/vizE00403000632320E_3_712/_0_15749583528_5_E00403000632320E.png,.712
xrayTrain/E00401000F098D4B_3_800/1_15784011345_5E00401000F098D4B.png,.800
xrayTrain/E00401000F095335_3_520/0_15784013612_4E00401000F095335_01001.png,.520
xrayTrain/E00403500A0BFCA3_1_326/1_15731372837_4_E00403500A0BFCA3_E00403500A0BFCA3.png,.326
xrayTrain/E00403000631E265_3_1550/1_15784070590_5E00403000631E265.png,1.550
xrayTrain/E00403500A0BFCA3_1_326/1_15731345448_4_E00403500A0BFCA3_E00403500A0BFCA3.png,.326
xrayTrain/E00403000631684F_3_552/0_15784132015_4E00403000631684F_01001.png,.552
xrayTrain/vizE0040300063303E2_3_598/_0_15749587965_5_E0040300063303E2.png,.598
xrayTrain/8_3_596/_0_15743466464_4_.png,.596
xrayTrain/vizE00403000631684F_3_894/_0_15749535716_5_E00403000631684F.png,.894
xrayTrain/1_1_134/1_15743401611_4_.png,.134
xrayTrain/vizE00401000F095335_3_914/_1_15749503615_5_E00401000F095335.png,.914
xrayTrain/E004030006318B71_2_964/1_15784039801_5E004030006318B71.png,.964
xrayTrain/E0040300063224A8_2_912/1_15790004099_4E0040300063224A8.png,.912
xrayTrain/E00403000219CEE4_2_884/1_15731353168_5_E00403000219CEE4_E00403000219CEE4.png,.884
xrayTrain/E00401000F095335_3_520/0_15783995692_4E00401000F095335_00001.png,.520
xrayTrain/E004010010630740_3_708/1_15731332801_5_E004010010630740_E004010010630740.png,.708
xrayTrain/E00401000F098D4B_3_800/1_15790011013_5E00401000F098D4B.png,.800
xrayTrain/6_1_248/1_15743453495_4_0.png,.248
xrayTrain/1_1_134/1_15743406999_4_.png,.134
xrayTrain/vizE004010010630740_3_950/_0_15749501599_3_E004010010630740.png,.950
xrayTrain/E0040300063305A1_2_958/1_15731358981_5_E0040300063305A1_E0040300063305A1.png,.958
xrayTrain/E00403500A0BFCA3_1_326/1_15790049119_4E00403500A0BFCA3.png,.326
xrayTrain/E004030006318256_1_256/1_15731376891_4_E004030006318256_E004030006318256.png,.256
xrayTrain/E00403500A0BFCA3_1_326/1_15731349686_4_E00403500A0BFCA3_E00403500A0BFCA3.png,.326
xrayTrain/vizE004030006333988_3_902/_1_15749562456_5_E004030006333988.png,.902
xrayTrain/E00403500A0BFCA3_1_326/1_15731369926_4_E00403500A0BFCA3_E00403500A0BFCA3.png,.326
xrayTrain/vizE004030006333988_3_902/_0_15749500408_3_E004030006333988.png,.902
xrayTrain/E00403000219CEE4_2_884/1_15731346919_5_E00403000219CEE4_E00403000219CEE4.png,.884
xrayTrain/E004030006318B71_2_964/1_15790004797_5E004030006318B71.png,.964
xrayTrain/5_1_206/1_15743440817_4_.png,.206
xrayTrain/5_1_206/1_15743446086_4_0.png,.206
xrayTrain/E00403000632320E_3_1310/1_15784066146_5E00403000632320E.png,1.310
xrayTrain/vizE004030006323A31_3_1092/_1_15749500541_5_E004030006323A31.png,1.092
xrayTrain/E004030006318B71_2_964/1_15790077146_5E004030006318B71.png,.964
xrayTrain/E004030007D66157_1_366/1_15731346498_4_E004030007D66157_E004030007D66157.png,.366
xrayTrain/E00403000631E265_3_1550/1_15790048581_5E00403000631E265.png,1.550
xrayTrain/vizE00403500CD469E5_3_814/_1_15749564426_5_E00403500CD469E5.png,.814
xrayTrain/E00403500CD469E5_1_186/1_15731361056_4_E00403500CD469E5_E00403500CD469E5.png,.186
xrayTrain/1_1_134/1_15743407503_4_.png,.134
xrayTrain/vizE004030006323A31_3_1092/_1_15749496265_5_E004030006323A31.png,1.092
xrayTrain/E0040300063303E2_3_750/0_15784166309_4E0040300063303E2_00001.png,.750
xrayTrain/E004030001ACE7F2_3_894/0_15790016562_5E004030001ACE7F2_00010.png,.894
xrayTrain/E00401001276664D_1_312/1_15790032379_4E00401001276664D.png,.312
xrayTrain/E00403000631ABE6_1_272/1_15790010270_4E00403000631ABE6.png,.272
xrayTrain/E004030006317088_1_298/1_15790018757_4E004030006317088.png,.298
xrayTrain/E00403500C44A8B4_2_582/1_15790012796_4E00403500C44A8B4.png,.582
xrayTrain/E004030006317088_1_298/1_15731328809_4_E004030006317088_E004030006317088.png,.298
xrayTrain/E00401000F098D4B_3_800/0_15790037360_5E00401000F098D4B_00001.png,.800
xrayTrain/E00403000631E265_3_1550/1_15789989413_5E00403000631E265.png,1.550
xrayTrain/E00403000631ABE6_1_272/1_15790038507_4E00403000631ABE6.png,.272
xrayTrain/E00401000F095335_3_520/0_15783999632_4E00401000F095335_01011.png,.520
xrayTrain/vizE004030006333988_3_902/_1_15749579769_5_E004030006333988.png,.902
xrayTrain/E00403000631ABE6_1_272/1_15790096219_4E00403000631ABE6.png,.272
xrayTrain/E00403500CD469E5_3_300/0_15790039378_4E00403500CD469E5_00001.png,.300
xrayTrain/E0040300063303E2_1_250/1_15731353636_4_E0040300063303E2_E0040300063303E2.png,.250
xrayTrain/vizE00403000632320E_3_712/_1_15749577737_5_E00403000632320E.png,.712
xrayTrain/E00403000631E265_3_1550/1_15789991521_5E00403000631E265.png,1.550
xrayTrain/E0040300063303E2_3_750/0_15784019730_4E0040300063303E2_00001.png,.750
xrayTrain/E00401000F095335_3_520/0_15784164156_4E00401000F095335_01011.png,.520
xrayTrain/E004030004D5F999_2_536/1_15731337462_5_E004030004D5F999_E004030004D5F999.png,.536
xrayTrain/E00403000219E862_1_304/1_15790031933_4E00403000219E862.png,.304
xrayTrain/vizE00403000632320E_3_712/_0_15749501793_5_E00403000632320E.png,.712
xrayTrain/E0040300063305A1_2_960/1_15790068041_5E0040300063305A1.png,.960
xrayTrain/E00401001276664D_1_312/1_15790033011_4E00401001276664D.png,.312
xrayTrain/vizE00401000F095335_3_914/_1_15749493869_5_E00401000F095335.png,.914
xrayTrain/vizE00403000631684F_3_894/_0_15744236441_5_E00403000631684F.png,.894
xrayTrain/E0040300063303E2_3_750/0_15790090463_4E0040300063303E2_00001.png,.750
xrayTrain/E00403000219E862_1_304/1_15731338165_4_E00403000219E862_E00403000219E862.png,.304
xrayTrain/5_1_206/1_15743442102_4_0.png,.206
xrayTrain/E00403000631684F_3_552/0_15783990886_4E00403000631684F_01010.png,.552
xrayTrain/E004030004D5F999_2_538/1_15790079526_4E004030004D5F999.png,.538
xrayTrain/E004030006316E18_1_302/1_15790093816_4E004030006316E18.png,.302
xrayTrain/E00401001276664D_1_312/1_15731344213_4_E00401001276664D_E00401001276664D.png,.312
xrayTrain/E004030006317088_1_298/1_15731348151_4_E004030006317088_E004030006317088.png,.298
xrayTrain/3_1_200/1_15743428141_4_.png,.200
xrayTrain/E00401000F098D4B_3_800/1_15790034778_5E00401000F098D4B.png,.800
xrayTrain/E0040300063303E2_1_250/1_15731374407_4_E0040300063303E2_E0040300063303E2.png,.250
xrayTrain/vizE00403000631684F_3_894/_0_15749508305_5_E00403000631684F.png,.894
xrayTrain/E00403000631E265_3_1550/1_15784062007_5E00403000631E265.png,1.550
xrayTrain/E00403500C44A8B4_2_584/1_15731370799_5_E00403500C44A8B4_E00403500C44A8B4.png,.584
xrayTrain/1_1_134/1_15743404500_4_0.png,.134
xrayTrain/E00403500A0BFCA3_1_326/1_15790098406_4E00403500A0BFCA3.png,.326
xrayTrain/E0040300063303E2_3_750/0_15784060986_4E0040300063303E2_00001.png,.750
xrayTrain/E00403000631684F_3_552/0_15790077301_4E00403000631684F_00001.png,.552
xrayTrain/E00401000F095335_3_520/0_15784132433_4E00401000F095335_01001.png,.520
xrayTrain/E00401000F098D4B_3_800/1_15784036606_5E00401000F098D4B.png,.800
xrayTrain/vizE004010010630740_3_950/_1_15749493870_5_E004010010630740.png,.950
xrayTrain/E00401000F095335_3_520/0_15783996485_4E00401000F095335_00001.png,.520
xrayTrain/E00403000631684F_3_894/1_15731345684_5_E00403000631684F_E00403000631684F.png,.894
xrayTrain/E004030001ACE7F2_3_894/0_15790007264_5E004030001ACE7F2_00001.png,.894
xrayTrain/E00401000F095335_3_914/1_15731357174_5_E00401000F095335_E00401000F095335.png,.914
xrayTrain/E0040300063303E2_3_750/1_15790000196_4E0040300063303E2.png,.750
xrayTrain/E00401001276664D_1_312/1_15790036937_4E00401001276664D.png,.312
xrayTrain/vizE00403500CD469E5_3_814/_0_15749515580_3_E00403500CD469E5.png,.814
xrayTrain/E004030006318B71_2_964/1_15784062425_5E004030006318B71.png,.964
xrayTrain/E00403500A0BFCA3_1_326/1_15790095296_4E00403500A0BFCA3.png,.326
xrayTrain/E004030004D5F999_2_538/1_15790078617_4E004030004D5F999.png,.538
xrayTrain/E00401000F098D4B_3_800/1_15784128442_5E00401000F098D4B.png,.800
xrayTrain/E00403500CD469E5_3_300/0_15790080277_4E00403500CD469E5_01000.png,.300
xrayTrain/E00403000631684F_3_552/0_15784132932_4E00403000631684F_01001.png,.552
xrayTrain/E00403000219CEE4_2_884/1_15731338649_5_E00403000219CEE4_E00403000219CEE4.png,.884
xrayTrain/2_1_240/1_15743411430_4_0.png,.240
xrayTrain/E00403000219E862_1_304/1_15790032753_4E00403000219E862.png,.304
xrayTrain/1_1_134/1_15743407120_4_0.png,.134
xrayTrain/E0040300063224A8_2_912/1_15789999631_4E0040300063224A8.png,.912
xrayTrain/E004030006323A31_3_1094/1_15731346221_5_E004030006323A31_E004030006323A31.png,1.094
xrayTrain/0_1_62/1_15737524322_4.png,.062
xrayTrain/E004030001ACE7F2_3_894/1_15784034550_5E004030001ACE7F2.png,.894
xrayTrain/E004030007D66157_1_366/1_15731338878_4_E004030007D66157_E004030007D66157.png,.366
xrayTrain/vizE00401000F095335_3_914/_0_15749587502_5_E00401000F095335.png,.914
xrayTrain/E00403000632320E_2_441/1_15731340579_4_E00403000632320E_E00403000632320E.png,.441
xrayTrain/E00403000631684F_3_552/0_15789996003_4E00403000631684F_01001.png,.552
xrayTrain/E00403000631684F_3_552/0_15784039393_4E00403000631684F_00001.png,.552
xrayTrain/vizE00401000F095335_3_914/_1_15749578790_5_E00401000F095335.png,.914
xrayTrain/8_3_596/_0_15743459415_4_0.png,.596
xrayTrain/E00403000632320E_3_1310/1_15790006553_5E00403000632320E.png,1.310
xrayTrain/vizE004030006333988_3_902/_1_15749584921_5_E004030006333988.png,.902
xrayTrain/E00401000F095335_3_520/0_15784004489_4E00401000F095335_00011.png,.520
xrayTrain/E00403000632320E_3_1310/1_15784062607_5E00403000632320E.png,1.310
xrayTrain/E0040300063305A1_2_958/1_15731338455_5_E0040300063305A1_E0040300063305A1.png,.958
xrayTrain/E004030004D5F999_2_538/1_15790015339_4E004030004D5F999.png,.538
xrayTrain/E0040300063305A1_2_960/1_15790017707_5E0040300063305A1.png,.960
xrayTrain/E004030001ACE7F2_3_894/1_15790090859_5E004030001ACE7F2.png,.894
xrayTrain/E004030006317088_1_298/1_15790092285_4E004030006317088.png,.298
xrayTrain/E004030006316957_2_752/0_15790068187_4E004030006316957_01000.png,.752
xrayTrain/vizE004030006323A31_3_1092/_1_15749584439_5_E004030006323A31.png,1.092
xrayTrain/E00401000F098D4B_1_248/1_15731369174_4_E00401000F098D4B_E00401000F098D4B.png,.248
xrayTrain/vizE004030006333988_3_902/_1_15749587913_5_E004030006333988.png,.902
xrayTrain/E0040300063303E2_3_750/1_15790047185_4E0040300063303E2.png,.750
xrayTrain/E00401000F098D4B_3_800/0_15789996567_5E00401000F098D4B_00001.png,.800
xrayTrain/E00403000631684F_3_552/0_15790010784_4E00403000631684F_01000.png,.552
xrayTrain/E00401000F098D4B_3_800/1_15790015683_5E00401000F098D4B.png,.800
xrayTrain/E004030007D66157_1_366/1_15731368373_4_E004030007D66157_E004030007D66157.png,.366
xrayTrain/E00403500CD469E5_3_300/0_15790001976_4E00403500CD469E5_00001.png,.300
xrayTrain/E00403000219E862_1_304/1_15731335756_4_E00403000219E862_E00403000219E862.png,.304
xrayTrain/E00401000F095335_3_520/0_15790000713_4E00401000F095335_00001.png,.520
xrayTrain/E00403000632320E_2_441/1_15731363507_4_E00403000632320E_E00403000632320E.png,.441
xrayTrain/vizE0040300063303E2_3_598/_1_15749568182_5_E0040300063303E2.png,.598
xrayTrain/vizE00401000F095335_3_914/_1_15749495848_5_E00401000F095335.png,.914
xrayTrain/vizE00403500CD469E5_3_814/_1_15749565546_5_E00403500CD469E5.png,.814
xrayTrain/vizE0040300063303E2_3_598/_0_15744237153_3_E0040300063303E2.png,.598
xrayTrain/E00401000F098D4B_1_248/1_15731344493_4_E00401000F098D4B_E00401000F098D4B.png,.248
xrayTrain/E004030006318256_2_572/1_15790067702_4E004030006318256.png,.572
xrayTrain/E00403000632320E_3_1310/1_15790036219_5E00403000632320E.png,1.310
xrayTrain/E004030006323A31_3_1094/1_15731332748_5_E004030006323A31_E004030006323A31.png,1.094
xrayTrain/E0040300063303E2_3_750/1_15790010763_4E0040300063303E2.png,.750
xrayTrain/vizE00403000631684F_3_894/_0_15749591773_5_E00403000631684F.png,.894
xrayTrain/vizE0040300063303E2_3_598/_0_15744236237_3_E0040300063303E2.png,.598
xrayTrain/E00403500C44A8B4_2_582/1_15790033555_4E00403500C44A8B4.png,.582
xrayTrain/E0040300063303E2_3_750/0_15784046554_4E0040300063303E2_00001.png,.750
xrayTrain/E00403000631ABE6_1_272/0_15790007648_4E00403000631ABE6_01000.png,.272
xrayTrain/vizE0040300063303E2_3_598/_0_15749512550_3_E0040300063303E2.png,.598
xrayTrain/E004030006317088_1_298/1_15790096145_4E004030006317088.png,.298
xrayTrain/E0040300063224A8_2_912/1_15790091344_4E0040300063224A8.png,.912
xrayTrain/vizE00401000F095335_3_914/_0_15749502758_3_E00401000F095335.png,.914
xrayTrain/E00401000F095335_3_520/0_15783991210_4E00401000F095335_01001.png,.520
xrayTrain/empty_0_0/1_15738205714_4.png,0
xrayTrain/6_1_248/1_15743452295_4_.png,.248
xrayTrain/E00403000631684F_3_552/1_15784001179_4E00403000631684F.png,.552
xrayTrain/E004030007D66157_1_366/1_15731358300_4_E004030007D66157_E004030007D66157.png,.366
xrayTrain/empty_0_0/1_15738206025_40.png,0
xrayTrain/vizE01622C104187E27_3_662/_1_15749563091_5_E01622C104187E27.png,.662
xrayTrain/vizE00403000632320E_3_712/_1_15749501425_5_E00403000632320E.png,.712
xrayTrain/E00401000F098D4B_1_248/1_15731328222_4_E00401000F098D4B_E00401000F098D4B.png,.248
xrayTrain/E00403000632320E_3_1310/1_15784044142_5E00403000632320E.png,1.310
xrayTrain/E00403000219E862_1_304/1_15731372848_4_E00403000219E862_E00403000219E862.png,.304
xrayTrain/6_1_248/1_15743452092_4_0.png,.248
xrayTrain/E00403500CD469E5_3_300/0_15790048200_4E00403500CD469E5_00001.png,.300
xrayTrain/1_1_134/1_15743403563_4_.png,.134
xrayTrain/2_1_240/1_15743416370_4_0.png,.240
xrayTrain/E00401000F095335_3_520/0_15784161999_4E00401000F095335_00001.png,.520
xrayTrain/E0040300063305A1_2_958/1_15731375554_5_E0040300063305A1_E0040300063305A1.png,.958
xrayTrain/8_3_596/_0_15743463775_4_0.png,.596
xrayTrain/E004030006318B71_2_964/1_15789999920_5E004030006318B71.png,.964
xrayTrain/vizE0040300063303E2_3_598/_1_15749576682_5_E0040300063303E2.png,.598
xrayTrain/E00401000F095335_3_914/1_15731334855_5_E00401000F095335_E00401000F095335.png,.914
xrayTrain/vizE004030006318B71_3_740/_0_15749588886_5_E004030006318B71.png,.740
xrayTrain/2_1_240/1_15743412564_4_0.png,.240
xrayTrain/E004030006317088_1_298/1_15790077260_4E004030006317088.png,.298
xrayTrain/E00403500C44A8B4_2_582/1_15790035410_4E00403500C44A8B4.png,.582
xrayTrain/vizE004030006333988_3_902/_0_15749578933_5_E004030006333988.png,.902
xrayTrain/E00401000F095335_3_520/0_15790009269_4E00401000F095335_01001.png,.520
xrayTrain/E00401000F098D4B_3_800/1_15784040880_5E00401000F098D4B.png,.800
xrayTrain/E004030006318B71_2_964/1_15784160456_5E004030006318B71.png,.964
xrayTrain/vizE004030006318B71_3_740/_0_15749580976_5_E004030006318B71.png,.740
xrayTrain/E00403000631E265_3_1550/1_15790000062_5E00403000631E265.png,1.550
xrayTrain/E00403000219E862_1_304/1_15790080120_4E00403000219E862.png,.304
xrayTrain/E004030006333988_3_902/1_15731369217_5_E004030006333988_E004030006333988.png,.902
xrayTrain/E00403000219CEE4_2_884/1_15731375320_5_E00403000219CEE4_E00403000219CEE4.png,.884
xrayTrain/E00403500CD469E5_1_186/1_15731373388_4_E00403500CD469E5_E00403500CD469E5.png,.186
xrayTrain/2_1_240/1_15743413849_4_.png,.240
xrayTrain/E00401000F095335_3_520/0_15784034662_4E00401000F095335_01001.png,.520
xrayTrain/2_1_240/1_15743414527_4_.png,.240
xrayTrain/E00403000631684F_3_552/0_15784164369_4E00403000631684F_00001.png,.552
xrayTrain/2_1_240/1_15743412655_4_.png,.240
xrayTrain/E004030006317088_1_298/1_15731336260_4_E004030006317088_E004030006317088.png,.298
xrayTrain/E004030004D5F999_2_538/1_15790090682_4E004030004D5F999.png,.538
xrayTrain/E00403000631684F_3_552/0_15784011884_4E00403000631684F_01001.png,.552
xrayTrain/2_3_1988/_0_15737541306_4.png,1.988
xrayTrain/E00403000632320E_2_441/1_15731353697_4_E00403000632320E_E00403000632320E.png,.441
xrayTrain/E004030006318B71_2_964/1_15790019542_5E004030006318B71.png,.964
xrayTrain/E00401000F098D4B_3_800/1_15790005230_5E00401000F098D4B.png,.800
xrayTrain/E004030001ACE7F2_3_894/1_15784118244_5E004030001ACE7F2.png,.894
xrayTrain/E00403500A0BFCA3_1_326/1_15790096831_4E00403500A0BFCA3.png,.326
xrayTrain/vizE0040300063303E2_3_598/_0_15749502200_3_E0040300063303E2.png,.598
xrayTrain/E00401000F095335_3_520/0_15790033723_4E00401000F095335_01001.png,.520
xrayTrain/E00403000631684F_3_894/1_15731344255_5_E00403000631684F_E00403000631684F.png,.894
xrayTrain/3_1_200/1_15743438298_4_0.png,.200
xrayTrain/E00403000631684F_3_552/0_15790037433_4E00403000631684F_01000.png,.552
xrayTrain/vizE004010010630740_3_950/_0_15749582585_5_E004010010630740.png,.950
xrayTrain/E0040300063305A1_2_960/1_15790093576_5E0040300063305A1.png,.960
xrayTrain/E00401000F095335_3_520/0_15784071690_4E00401000F095335_01011.png,.520
xrayTrain/E00403000631684F_3_552/0_15784047369_4E00403000631684F_01101.png,.552
xrayTrain/vizE00403000632320E_3_712/_1_15749581305_5_E00403000632320E.png,.712
xrayTrain/E004030006318256_2_572/1_15790005435_4E004030006318256.png,.572
xrayTrain/E00403000631ABE6_1_273/1_15731374523_4_E00403000631ABE6_E00403000631ABE6.png,.273
xrayTrain/E00401000F095335_3_520/0_15784066791_4E00401000F095335_01001.png,.520
xrayTrain/E00403000632320E_3_1310/1_15789992469_5E00403000632320E.png,1.310
xrayTrain/E0040300063224A8_2_876/1_15731346116_5_E0040300063224A8_E0040300063224A8.png,.876
xrayTrain/E004030001ACE7F2_3_894/1_15784061762_5E004030001ACE7F2.png,.894
xrayTrain/vizE00401000F095335_3_914/_0_15749551710_5_E00401000F095335.png,.914
xrayTrain/E004030004D5F999_2_538/1_15790019233_4E004030004D5F999.png,.538
xrayTrain/E00401000F098D4B_3_800/1_15783999986_5E00401000F098D4B.png,.800
xrayTrain/E004030006318256_2_572/1_15790006789_4E004030006318256.png,.572
xrayTrain/E00403000631684F_3_552/0_15784000507_4E00403000631684F_01001.png,.552
xrayTrain/E004030001ACE7F2_3_894/1_15784116900_5E004030001ACE7F2.png,.894
xrayTrain/E004030006318B71_2_964/1_15784129979_5E004030006318B71.png,.964
xrayTrain/E00403000631684F_3_894/1_15731325265_5_E00403000631684F_E00403000631684F.png,.894
xrayTrain/E00403000219E862_1_304/1_15731346147_4_E00403000219E862_E00403000219E862.png,.304
xrayTrain/E004030006317088_1_298/1_15731376727_4_E004030006317088_E004030006317088.png,.298
xrayTrain/E0040300063303E2_3_750/0_15784048153_4E0040300063303E2_00001.png,.750
xrayTrain/8_3_596/_0_15743462363_4_0.png,.596
xrayTrain/E00403000631E265_3_1550/1_15784162042_5E00403000631E265.png,1.550
xrayTrain/E0040300063305A1_2_960/1_15790095058_5E0040300063305A1.png,.960
xrayTrain/8_3_596/_0_15743465366_4_.png,.596
xrayTrain/vizE004030006323A31_3_1092/_0_15749500072_5_E004030006323A31.png,1.092
xrayTrain/E0040300063303E2_3_750/0_15784128421_4E0040300063303E2_00101.png,.750
xrayTrain/E004030006333988_3_902/1_15731363332_5_E004030006333988_E004030006333988.png,.902
xrayTrain/E004030001ACE7F2_3_894/1_15790011136_5E004030001ACE7F2.png,.894
xrayTrain/E00403000219E862_1_304/1_15790004726_4E00403000219E862.png,.304
xrayTrain/E004010010630740_3_708/1_15731372529_5_E004010010630740_E004010010630740.png,.708
xrayTrain/6_1_248/1_15743453444_4_.png,.248
xrayTrain/E0040300063303E2_3_750/0_15784017715_4E0040300063303E2_00011.png,.750
xrayTrain/E00403500CD469E5_3_300/0_15790032358_4E00403500CD469E5_01001.png,.300
xrayTrain/E004030004D5F999_2_538/1_15790093659_4E004030004D5F999.png,.538
xrayTrain/E00403000631E265_3_1550/1_15784167776_5E00403000631E265.png,1.550
xrayTrain/E00403500A0BFCA3_1_326/1_15731336035_4_E00403500A0BFCA3_E00403500A0BFCA3.png,.326
xrayTrain/vizE00403000631684F_3_894/_1_15749501070_5_E00403000631684F.png,.894
xrayTrain/vizE00403500CD469E5_3_814/_1_15749498437_5_E00403500CD469E5.png,.814
xrayTrain/E00403000631684F_3_552/0_15783987414_4E00403000631684F_01001.png,.552
xrayTrain/E0040300063303E2_3_750/0_15784011741_4E0040300063303E2_01111.png,.750
xrayTrain/E004030006326B0E_1_290/1_15790042134_4E004030006326B0E.png,.290
xrayTrain/E00403000632320E_3_1310/1_15784034794_5E00403000632320E.png,1.310
xrayTrain/vizE004030006323A31_3_1092/_0_15749496795_3_E004030006323A31.png,1.092
xrayTrain/E004030006316957_2_752/0_15790007182_4E004030006316957_01001.png,.752
xrayTrain/E0040300063303E2_3_750/0_15784041653_4E0040300063303E2_01100.png,.750
xrayTrain/E004030006316957_2_752/1_15731325180_5_E004030006316957_E004030006316957.png,.752
xrayTrain/vizE00401000F095335_3_914/_0_15749509554_3_E00401000F095335.png,.914
xrayTrain/E004030006318256_2_572/1_15790044912_4E004030006318256.png,.572
xrayTrain/E0040300063224A8_2_876/1_15731358001_5_E0040300063224A8_E0040300063224A8.png,.876
xrayTrain/E004030006316957_2_752/0_15790011403_4E004030006316957_00001.png,.752
xrayTrain/E004030006317088_1_298/1_15790043595_4E004030006317088.png,.298
xrayTrain/vizE00403500CD469E5_3_814/_0_15749497416_5_E00403500CD469E5.png,.814
xrayTrain/E00403500CD469E5_3_300/0_15789989371_4E00403500CD469E5_01001.png,.300
xrayTrain/E00403000631684F_3_552/0_15790092212_4E00403000631684F_01101.png,.552
xrayTrain/E00401000F095335_3_520/0_15783992853_4E00401000F095335_01001.png,.520
xrayTrain/vizE004030006323A31_3_1092/_0_15749491964_5_E004030006323A31.png,1.092
xrayTrain/E00401000F098D4B_3_800/1_15790050501_5E00401000F098D4B.png,.800
xrayTrain/vizE0040300063303E2_3_598/_0_15749564897_4_E0040300063303E2.png,.598
xrayTrain/E004030001ACE7F2_3_894/1_15784162925_5E004030001ACE7F2.png,.894
xrayTrain/vizE004030006333988_3_902/_1_15749581078_5_E004030006333988.png,.902
xrayTrain/E0040300063305A1_2_960/1_15790010628_5E0040300063305A1.png,.960
xrayTrain/E00403500CD469E5_3_300/0_15790018871_4E00403500CD469E5_00001.png,.300
xrayTrain/vizE0040300063303E2_3_598/_0_15749499411_3_E0040300063303E2.png,.598
xrayTrain/E004030006318B71_2_964/1_15789999211_5E004030006318B71.png,.964
xrayTrain/E004010010630740_3_708/1_15731331837_5_E004010010630740_E004010010630740.png,.708
xrayTrain/vizE004030006323A31_3_1092/_1_15749577206_5_E004030006323A31.png,1.092
xrayTrain/E00403000219CEE4_2_884/1_15731352272_5_E00403000219CEE4_E00403000219CEE4.png,.884
xrayTrain/E0040300063224A8_2_912/1_15784044773_4E0040300063224A8.png,.912
xrayTrain/E00403000632320E_2_441/1_15731369884_4_E00403000632320E_E00403000632320E.png,.441
xrayTrain/E00401000F098D4B_3_800/1_15790035776_5E00401000F098D4B.png,.800
xrayTrain/vizE004030006318B71_3_740/_0_15749571650_5_E004030006318B71.png,.740
xrayTrain/3_1_200/1_15743430250_4_0.png,.200
xrayTrain/3_1_200/1_15743428040_4_0.png,.200
xrayTrain/vizE004030006318B71_3_740/_0_15749507624_4_E004030006318B71.png,.740
xrayTrain/vizE00401000F095335_3_914/_1_15749581468_5_E00401000F095335.png,.914
xrayTrain/E004030006316E18_1_302/1_15790035276_4E004030006316E18.png,.302
xrayTrain/E00403500A0BFCA3_1_326/1_15731347343_4_E00403500A0BFCA3_E00403500A0BFCA3.png,.326
xrayTrain/E00403000631E265_3_665/1_15731336313_5_E00403000631E265_E00403000631E265.png,.665
xrayTrain/E0040300063303E2_3_750/0_15783998796_4E0040300063303E2_00001.png,.750
xrayTrain/vizE00403000632320E_3_712/_0_15749511007_3_E00403000632320E.png,.712
xrayTrain/E004030006323A31_3_1094/1_15731331745_5_E004030006323A31_E004030006323A31.png,1.094
xrayTrain/E00403000632320E_3_1310/1_15790092584_5E00403000632320E.png,1.310
xrayTrain/vizE0040300063303E2_3_598/_1_15749493902_5_E0040300063303E2.png,.598
xrayTrain/vizE004010010630740_3_950/_1_15749507645_5_E004010010630740.png,.950
xrayTrain/E0040300063224A8_2_876/1_15731365405_5_E0040300063224A8_E0040300063224A8.png,.876
xrayTrain/2_3_1988/_0_15737544226_4.png,1.988
xrayTrain/1_1_134/1_15743402848_4_0.png,.134
xrayTrain/vizE004010010630740_3_950/_0_15749506310_3_E004010010630740.png,.950
xrayTrain/E00403500CD469E5_1_186/1_15731335767_4_E00403500CD469E5_E00403500CD469E5.png,.186
xrayTrain/E00403000219E862_1_304/1_15731365126_4_E00403000219E862_E00403000219E862.png,.304
xrayTrain/E004030006323A31_3_1094/1_15731337851_5_E004030006323A31_E004030006323A31.png,1.094
xrayTrain/E00403500C44A8B4_2_582/1_15790095886_4E00403500C44A8B4.png,.582
xrayTrain/5_1_206/1_15743440676_4_0.png,.206
xrayTrain/vizE00401000F095335_3_914/_1_15749508984_5_E00401000F095335.png,.914
xrayTrain/E00403500A0BFCA3_1_326/1_15731358226_4_E00403500A0BFCA3_E00403500A0BFCA3.png,.326
xrayTrain/E00403000219CEE4_2_884/1_15731327484_5_E00403000219CEE4_E00403000219CEE4.png,.884
xrayTrain/E0040300063305A1_2_960/1_15790036396_5E0040300063305A1.png,.960
xrayTrain/E00401000F098D4B_3_800/1_15789989392_5E00401000F098D4B.png,.800
xrayTrain/E00403000631684F_3_894/1_15731375452_5_E00403000631684F_E00403000631684F.png,.894
xrayTrain/vizE004030006323A31_3_1092/_0_15749505347_3_E004030006323A31.png,1.092
xrayTrain/vizE004030006318B71_3_740/_0_15749568550_5_E004030006318B71.png,.740
xrayTrain/E00403500CD469E5_3_300/0_15790097099_4E00403500CD469E5_01001.png,.300
xrayTrain/vizE00403000631684F_3_894/_0_15749568746_5_E00403000631684F.png,.894
xrayTrain/E004030004D5F999_2_536/1_15731377039_5_E004030004D5F999_E004030004D5F999.png,.536
xrayTrain/E00403000632320E_3_1310/1_15789989247_5E00403000632320E.png,1.310
xrayTrain/2_1_240/1_15743412201_4_.png,.240
xrayTrain/E004030006318B71_2_964/1_15789989454_5E004030006318B71.png,.964
xrayTrain/E00403000631E265_3_1550/1_15790037577_5E00403000631E265.png,1.550
xrayTrain/E004030001ACE7F2_3_894/1_15790092449_5E004030001ACE7F2.png,.894
xrayTrain/E00401000F095335_3_520/0_15789990029_4E00401000F095335_01001.png,.520
xrayTrain/3_1_200/1_15743428456_4_0.png,.200
xrayTrain/E00403000219E862_1_304/1_15790007535_4E00403000219E862.png,.304
xrayTrain/E004030001ACE7F2_3_894/1_15783987313_5E004030001ACE7F2.png,.894
xrayTrain/E004030006318B71_2_964/1_15784132841_5E004030006318B71.png,.964
xrayTrain/E00403000631ABE6_1_272/1_15790047353_4E00403000631ABE6.png,.272
xrayTrain/E00403500C44A8B4_2_582/1_15790095151_4E00403500C44A8B4.png,.582
xrayTrain/vizE00403500CD469E5_3_814/_0_15749510804_3_E00403500CD469E5.png,.814
xrayTrain/E00401000F095335_3_520/0_15783993784_4E00401000F095335_01001.png,.520
xrayTrain/empty_0_0/1_15738205227_40.png,0
xrayTrain/vizE00403000631684F_3_894/_0_15749506148_3_E00403000631684F.png,.894
xrayTrain/E00403000632320E_2_441/1_15731366584_4_E00403000632320E_E00403000632320E.png,.441
xrayTrain/E00401000F095335_3_520/0_15784012586_4E00401000F095335_00001.png,.520
xrayTrain/E0040300063303E2_3_750/0_15790095536_4E0040300063303E2_01000.png,.750
xrayTrain/E00403000632320E_3_1310/1_15784064509_5E00403000632320E.png,1.310
xrayTrain/E00403000632320E_3_1310/1_15784014713_5E00403000632320E.png,1.310
xrayTrain/E00401000F095335_3_520/0_15783999040_4E00401000F095335_00001.png,.520
xrayTrain/E00403000631E265_3_665/1_15731364575_5_E00403000631E265_E00403000631E265.png,.665
xrayTrain/E00403000631ABE6_1_272/1_15790031414_4E00403000631ABE6.png,.272
xrayTrain/E00401000F098D4B_3_800/1_15789993396_5E00401000F098D4B.png,.800
xrayTrain/vizE00403000632320E_3_712/_1_15749577318_5_E00403000632320E.png,.712
xrayTrain/E00403000631684F_3_552/0_15783991139_4E00403000631684F_01001.png,.552
xrayTrain/E00403500C44A8B4_2_582/1_15790065954_4E00403500C44A8B4.png,.582
xrayTrain/E00403500CD469E5_1_186/1_15731363475_4_E00403500CD469E5_E00403500CD469E5.png,.186
xrayTrain/E004030006318B71_2_964/1_15790091993_5E004030006318B71.png,.964
xrayTrain/E00403000219E862_1_304/1_15731375164_4_E00403000219E862_E00403000219E862.png,.304
xrayTrain/E004030006317088_1_298/1_15790080319_4E004030006317088.png,.298
xrayTrain/E0040300063303E2_3_750/1_15784068424_4E0040300063303E2.png,.750
xrayTrain/E00403000631E265_3_1550/0_15790035837_5E00403000631E265_00010.png,1.550
xrayTrain/E0040300063305A1_2_960/1_15790067400_5E0040300063305A1.png,.960
xrayTrain/vizE00401000F095335_3_914/_0_15749493299_3_E00401000F095335.png,.914
xrayTrain/8_3_596/_0_15743466182_4_.png,.596
xrayTrain/E004030001ACE7F2_3_894/1_15784071293_5E004030001ACE7F2.png,.894
xrayTrain/E004030006318B71_2_964/1_15790098124_5E004030006318B71.png,.964
xrayTrain/vizE004030006333988_3_902/_0_15749495000_3_E004030006333988.png,.902
xrayTrain/E0040300063303E2_3_750/0_15790093638_4E0040300063303E2_00011.png,.750
xrayTrain/E00403000631684F_3_552/0_15784035938_4E00403000631684F_01000.png,.552
xrayTrain/0_1_62/1_15737524824_4.png,.062
xrayTrain/E0040300063224A8_2_912/1_15790001511_5E0040300063224A8.png,.912
xrayTrain/E004030001ACE7F2_3_894/1_15784047206_5E004030001ACE7F2.png,.894
xrayTrain/E004030006318B71_3_740/1_15731344181_5_E004030006318B71_E004030006318B71.png,.740
xrayTrain/E004030004D5F999_2_538/1_15790010742_4E004030004D5F999.png,.538
xrayTrain/vizE00401000F095335_3_914/0_15744240836_3_E00401000F095335.png,.914
xrayTrain/E004030006318B71_2_964/1_15790034468_5E004030006318B71.png,.964
xrayTrain/E00403000631E265_3_1550/1_15790032160_5E00403000631E265.png,1.550
xrayTrain/E00403000631684F_3_552/0_15784005811_4E00403000631684F_00001.png,.552
xrayTrain/E00403000632320E_3_1310/1_15784168140_5E00403000632320E.png,1.310
xrayTrain/E0040300063303E2_3_750/0_15790002645_4E0040300063303E2_01001.png,.750
xrayTrain/E00403000631684F_3_552/0_15784042396_4E00403000631684F_01000.png,.552
xrayTrain/E004030006318B71_2_964/1_15790067597_5E004030006318B71.png,.964
xrayTrain/8_3_596/_0_15743464278_4_.png,.596
xrayTrain/vizE00403000632320E_3_712/_1_15749564477_5_E00403000632320E.png,.712
xrayTrain/1_1_134/1_15743404369_4_.png,.134
xrayTrain/E0040300063303E2_3_750/1_15790077374_4E0040300063303E2.png,.750
xrayTrain/vizE004030006323A31_3_1092/_1_15749585227_5_E004030006323A31.png,1.092
xrayTrain/E00403000219E862_1_304/1_15731353222_4_E00403000219E862_E00403000219E862.png,.304
xrayTrain/E00401000F095335_3_520/0_15784041163_4E00401000F095335_01101.png,.520
xrayTrain/E00403000631684F_3_552/0_15784017704_4E00403000631684F_01000.png,.552
xrayTrain/vizE01622C104187E27_3_662/_1_15749582718_5_E01622C104187E27.png,.662
xrayTrain/E004030006318B71_2_964/1_15790049242_5E004030006318B71.png,.964
xrayTrain/5_1_206/1_15743444549_4_.png,.206
xrayTrain/vizE004030006333988_3_902/_1_15749568539_5_E004030006333988.png,.902
xrayTrain/E004030001ACE7F2_3_894/1_15790004477_5E004030001ACE7F2.png,.894
xrayTrain/E00401000F095335_3_520/0_15783998143_4E00401000F095335_01001.png,.520
xrayTrain/E00401000F098D4B_1_248/1_15731367239_4_E00401000F098D4B_E00401000F098D4B.png,.248
xrayTrain/vizE004030006333988_3_902/_1_15749565761_5_E004030006333988.png,.902
xrayTrain/vizE00401000F095335_3_914/_0_15749492637_3_E00401000F095335.png,.914
xrayTrain/vizE004030006323A31_3_1092/_1_15749574800_5_E004030006323A31.png,1.092
xrayTrain/E00401000F095335_3_520/0_15790007577_4E00401000F095335_01001.png,.520
xrayTrain/vizE0040300063303E2_3_598/_1_15749586046_5_E0040300063303E2.png,.598
xrayTrain/E004030007D66157_1_364/1_15790014792_4E004030007D66157.png,.364
xrayTrain/E00401000F098D4B_3_800/1_15784071762_5E00401000F098D4B.png,.800
xrayTrain/vizE00403000631684F_3_894/_0_15749567633_5_E00403000631684F.png,.894
xrayTrain/3_1_200/1_15743429895_4_.png,.200
xrayTrain/E00403000631ABE6_1_272/1_15790066314_4E00403000631ABE6.png,.272
xrayTrain/E0040300063305A1_2_960/1_15790078068_5E0040300063305A1.png,.960
xrayTrain/E004030007D66157_1_366/1_15731355628_4_E004030007D66157_E004030007D66157.png,.366
xrayTrain/E00403000219E862_1_304/1_15790045583_4E00403000219E862.png,.304
xrayTrain/E00401000F095335_3_520/0_15784047634_4E00401000F095335_01001.png,.520
xrayTrain/E0040300063305A1_2_958/1_15731353137_5_E0040300063305A1_E0040300063305A1.png,.958
xrayTrain/3_1_200/1_15743426856_4_0.png,.200
xrayTrain/E004030006316957_2_752/0_15790017572_4E004030006316957_00010.png,.752
xrayTrain/vizE004010010630740_3_950/_0_15749515661_3_E004010010630740.png,.950
xrayTrain/0_1_62/1_15737525223_4.png,.062
xrayTrain/vizE00403000632320E_3_712/_0_15749504971_3_E00403000632320E.png,.712
xrayTrain/E00403000631ABE6_1_272/1_15790090838_4E00403000631ABE6.png,.272
xrayTrain/vizE004030006333988_3_902/_0_15744237072_3_E004030006333988.png,.902
xrayTrain/E00401000F095335_3_520/0_15790067421_4E00401000F095335_01001.png,.520
xrayTrain/E004030006316957_2_752/0_15790094460_4E004030006316957_01001.png,.752
xrayTrain/E00403000631684F_3_552/0_15784071029_4E00403000631684F_01011.png,.552
xrayTrain/E00401000F098D4B_3_800/1_15790045428_5E00401000F098D4B.png,.800
xrayTrain/E0040300063303E2_3_750/0_15784130662_4E0040300063303E2_01000.png,.750
xrayTrain/E00403000219E862_1_304/1_15731354502_4_E00403000219E862_E00403000219E862.png,.304
xrayTrain/vizE01622C104187E27_3_662/_1_15749571332_5_E01622C104187E27.png,.662
xrayTrain/vizE004010010630740_3_950/_0_15749495703_3_E004010010630740.png,.950
xrayTrain/vizE00401000F095335_3_914/_1_15749585863_5_E00401000F095335.png,.914
xrayTrain/empty_0_0/1_15738205670_4.png,0
xrayTrain/E00403000632320E_2_441/1_15731339507_4_E00403000632320E_E00403000632320E.png,.441
xrayTrain/E00403000632320E_3_1310/1_15790000661_5E00403000632320E.png,1.310
xrayTrain/E00401001276664D_1_312/1_15731335480_4_E00401001276664D_E00401001276664D.png,.312
xrayTrain/E004030006317088_1_298/1_15731369463_4_E004030006317088_E004030006317088.png,.298
xrayTrain/E00403000631E265_3_1550/0_15790066645_5E00403000631E265_00011.png,1.550
xrayTrain/E004030006317088_1_298/1_15790046908_4E004030006317088.png,.298
xrayTrain/8_3_596/_0_15743462192_4_.png,.596
xrayTrain/E00403000631E265_3_665/1_15731353519_5_E00403000631E265_E00403000631E265.png,.665
xrayTrain/E004030001ACE7F2_3_894/1_15783990542_5E004030001ACE7F2.png,.894
xrayTrain/E0040300063303E2_3_750/0_15784117449_4E0040300063303E2_00010.png,.750
xrayTrain/E00403000631ABE6_1_272/1_15790096904_4E00403000631ABE6.png,.272
xrayTrain/E0040300063303E2_3_750/0_15790094157_4E0040300063303E2_01010.png,.750
xrayTrain/vizE004030006333988_3_902/_1_15749493837_5_E004030006333988.png,.902
xrayTrain/E004030007D66157_1_366/1_15731325307_4_E004030007D66157_E004030007D66157.png,.366
xrayTrain/E004030006317088_1_298/1_15790005570_4E004030006317088.png,.298
xrayTrain/E0040300063305A1_2_958/1_15731342233_5_E0040300063305A1_E0040300063305A1.png,.958
xrayTrain/E004030006318256_2_572/1_15790050584_4E004030006318256.png,.572
xrayTrain/E00403000631E265_3_665/1_15731338825_5_E00403000631E265_E00403000631E265.png,.665
xrayTrain/E004030001ACE7F2_3_894/1_15783997330_5E004030001ACE7F2.png,.894
xrayTrain/E004030006316E18_1_302/1_15790038158_4E004030006316E18.png,.302
xrayTrain/E00403000631ABE6_1_273/1_15731359835_4_E00403000631ABE6_E00403000631ABE6.png,.273
xrayTrain/vizE00403000632320E_3_712/_0_15749566713_5_E00403000632320E.png,.712
xrayTrain/E00403500C44A8B4_2_584/1_15731339423_5_E00403500C44A8B4_E00403500C44A8B4.png,.584
xrayTrain/E00401000F095335_3_520/0_15784061965_4E00401000F095335_01001.png,.520
xrayTrain/3_1_200/1_15743438882_4_0.png,.200
xrayTrain/E00403000632320E_3_1310/1_15784119761_5E00403000632320E.png,1.310
xrayTrain/E00403000631ABE6_1_272/1_15790006224_4E00403000631ABE6.png,.272
xrayTrain/E00403000632320E_3_1310/1_15790068394_5E00403000632320E.png,1.310
xrayTrain/vizE01622C104187E27_3_662/_1_15749583815_5_E01622C104187E27.png,.662
xrayTrain/E00403000219E862_1_304/1_15790009238_4E00403000219E862.png,.304
xrayTrain/E0040300063305A1_2_958/1_15731347937_5_E0040300063305A1_E0040300063305A1.png,.958
xrayTrain/5_1_206/1_15743445494_4_0.png,.206
xrayTrain/E00403500CD469E5_3_300/0_15790033350_4E00403500CD469E5_00001.png,.300
xrayTrain/E004030006316908_3_848/1_15731333234_5_E004030006316908_E004030006316908.png,.848
xrayTrain/E004030001ACE7F2_3_894/1_15784043201_5E004030001ACE7F2.png,.894
xrayTrain/vizE0040300063303E2_3_598/_0_15749581663_5_E0040300063303E2.png,.598
xrayTrain/E0040300063303E2_1_250/1_15731372168_4_E0040300063303E2_E0040300063303E2.png,.250
xrayTrain/E0040300063224A8_2_912/1_15789996024_4E0040300063224A8.png,.912
xrayTrain/E004030006317088_1_298/1_15790019831_4E004030006317088.png,.298
xrayTrain/vizE01622C104187E27_3_662/_1_15749571752_5_E01622C104187E27.png,.662
xrayTrain/E004030004D5F999_2_538/1_15790034799_4E004030004D5F999.png,.538
xrayTrain/2_3_1988/0_15737539622_4.png,1.988
xrayTrain/E00403000219E862_1_304/1_15790096873_4E00403000219E862.png,.304
xrayTrain/E00403000631ABE6_1_272/1_15790068219_4E00403000631ABE6.png,.272
xrayTrain/E004030006318256_2_572/1_15790076277_4E004030006318256.png,.572
xrayTrain/E00403000631684F_3_894/1_15731325893_5_E00403000631684F_E00403000631684F.png,.894
xrayTrain/E00403500CD469E5_3_300/0_15790090993_4E00403500CD469E5_01001.png,.300
xrayTrain/E00403500CD469E5_3_300/0_15789996856_4E00403500CD469E5_01001.png,.300
xrayTrain/E004030004D5F999_2_538/1_15790038880_4E004030004D5F999.png,.538
xrayTrain/E00403000632320E_3_1310/0_15789991007_5E00403000632320E_00001.png,1.310
xrayTrain/E004030006317088_1_298/1_15731344224_4_E004030006317088_E004030006317088.png,.298
xrayTrain/E004030006318B71_3_740/1_15731374161_5_E004030006318B71_E004030006318B71.png,.740
xrayTrain/E00401000F095335_3_520/0_15783996211_4E00401000F095335_01001.png,.520
xrayTrain/E0040300063303E2_1_250/1_15731375734_4_E0040300063303E2_E0040300063303E2.png,.250
xrayTrain/E00401000F098D4B_3_800/1_15784060895_5E00401000F098D4B.png,.800
xrayTrain/E0040300063303E2_3_750/0_15790033236_4E0040300063303E2_01100.png,.750
xrayTrain/empty_0_0/1_15738205808_4.png,0
xrayTrain/E00401000F095335_3_520/0_15784168364_4E00401000F095335_01001.png,.520
xrayTrain/E004030006318B71_3_740/1_15731335358_5_E004030006318B71_E004030006318B71.png,.740
xrayTrain/E00403500A0BFCA3_1_326/1_15731353913_4_E00403500A0BFCA3_E00403500A0BFCA3.png,.326
xrayTrain/vizE004030006323A31_3_1092/_0_15749509208_3_E004030006323A31.png,1.092
xrayTrain/E004030006316957_2_752/0_15790078575_4E004030006316957_00101.png,.752
xrayTrain/3_1_200/1_15743438026_4_0.png,.200
xrayTrain/vizE004030006318B71_3_740/_0_15749504053_3_E004030006318B71.png,.740
xrayTrain/E004030006317088_1_298/1_15731330611_4_E004030006317088_E004030006317088.png,.298
xrayTrain/E004030006317088_1_298/1_15731368518_4_E004030006317088_E004030006317088.png,.298
xrayTrain/E00403500C44A8B4_2_582/1_15790039025_4E00403500C44A8B4.png,.582
xrayTrain/E004030007D66157_1_366/1_15731373243_4_E004030007D66157_E004030007D66157.png,.366
xrayTrain/vizE00403000632320E_3_712/_0_15749508478_3_E00403000632320E.png,.712
xrayTrain/vizE004030006318B71_3_740/_1_15749565063_5_E004030006318B71.png,.740
xrayTrain/E00401000F095335_3_520/0_15784117438_4E00401000F095335_01001.png,.520
xrayTrain/E00403500C44A8B4_2_582/1_15790045935_4E00403500C44A8B4.png,.582
xrayTrain/E00403000631684F_3_894/1_15731368176_5_E00403000631684F_E00403000631684F.png,.894
xrayTrain/E004030006316957_2_752/1_15790018300_4E004030006316957.png,.752
xrayTrain/E0040300063303E2_3_750/0_15790012009_4E0040300063303E2_01101.png,.750
xrayTrain/vizE0040300063303E2_3_598/_1_15749568602_5_E0040300063303E2.png,.598
xrayTrain/1_1_134/1_15743400859_4_.png,.134
xrayTrain/E004030006317088_1_298/1_15790045346_4E004030006317088.png,.298
xrayTrain/6_1_248/1_15743453901_4_0.png,.248
xrayTrain/E004030006318256_2_572/1_15790093441_4E004030006318256.png,.572
xrayTrain/E004030004D5F999_2_536/1_15731346375_5_E004030004D5F999_E004030004D5F999.png,.536
xrayTrain/vizE004030006333988_3_902/_0_15749502372_3_E004030006333988.png,.902
xrayTrain/5_1_206/1_15743444700_4_0.png,.206
xrayTrain/1_1_134/1_15743407372_4_0.png,.134
xrayTrain/E00401000F098D4B_3_800/1_15784165214_5E00401000F098D4B.png,.800
xrayTrain/E00401000F095335_3_520/0_15790006934_4E00401000F095335_00001.png,.520
xrayTrain/1_1_134/1_15743405558_4_0.png,.134
xrayTrain/E00403500C44A8B4_2_582/1_15790045284_4E00403500C44A8B4.png,.582
xrayTrain/E004030006318B71_3_740/1_15731356032_5_E004030006318B71_E004030006318B71.png,.740
xrayTrain/E004030006317088_1_298/1_15731360096_4_E004030006317088_E004030006317088.png,.298
xrayTrain/E004030006316E18_1_302/1_15790040329_4E004030006316E18.png,.302
xrayTrain/empty_0_0/1_15738205248_4.png,0
xrayTrain/E00401000F098D4B_3_800/1_15784166350_5E00401000F098D4B.png,.800
xrayTrain/E0040300063303E2_3_750/0_15784002238_4E0040300063303E2_00011.png,.750
xrayTrain/vizE00403000632320E_3_712/_0_15749587400_5_E00403000632320E.png,.712
xrayTrain/E00403500CD469E5_3_300/0_15790016367_4E00403500CD469E5_00001.png,.300
xrayTrain/E00403000631E265_3_1550/1_15784017409_5E00403000631E265.png,1.550
xrayTrain/E004030004D5F999_2_536/1_15731370664_5_E004030004D5F999_E004030004D5F999.png,.536
xrayTrain/E004030006318256_2_572/1_15790009063_4E004030006318256.png,.572
xrayTrain/E00401000F095335_3_520/0_15784007716_4E00401000F095335_00001.png,.520
xrayTrain/vizE004030006318B71_3_740/_0_15749574279_5_E004030006318B71.png,.740
xrayTrain/E00403500C44A8B4_2_582/1_15790017541_4E00403500C44A8B4.png,.582
xrayTrain/vizE00403000632320E_3_712/_0_15749512806_3_E00403000632320E.png,.712
xrayTrain/E00401000F098D4B_3_800/1_15790036583_5E00401000F098D4B.png,.800
xrayTrain/E004030001ACE7F2_3_894/1_15790040350_5E004030001ACE7F2.png,.894
xrayTrain/E00403000632320E_3_1310/1_15784119334_5E00403000632320E.png,1.310
xrayTrain/E00401001276664D_1_312/1_15731361181_4_E00401001276664D_E00401001276664D.png,.312
xrayTrain/E00401000F098D4B_3_800/1_15784165975_5E00401000F098D4B.png,.800
xrayTrain/E00403000631684F_3_894/1_15731367094_5_E00403000631684F_E00403000631684F.png,.894
xrayTrain/E004030004D5F999_2_536/1_15731364856_5_E004030004D5F999_E004030004D5F999.png,.536
xrayTrain/vizE004030006318B71_3_740/_0_15749499320_3_E004030006318B71.png,.740
xrayTrain/E004030006316908_3_848/1_15731349378_5_E004030006316908_E004030006316908.png,.848
xrayTrain/E00403500A0BFCA3_1_326/1_15790034872_4E00403500A0BFCA3.png,.326
xrayTrain/E00403000631684F_3_552/0_15783993206_4E00403000631684F_01011.png,.552
xrayTrain/E00401000F095335_3_914/1_15731336416_5_E00401000F095335_E00401000F095335.png,.914
xrayTrain/E0040300063303E2_3_750/0_15790094903_4E0040300063303E2_00010.png,.750
xrayTrain/E00403000632320E_3_1310/1_15784128179_5E00403000632320E.png,1.310
xrayTrain/E00403500C44A8B4_2_584/1_15731333493_5_E00403500C44A8B4_E00403500C44A8B4.png,.584
xrayTrain/E00403000631684F_3_552/1_15784070337_4E00403000631684F.png,.552
xrayTrain/E00403000632320E_3_1310/1_15784020423_5E00403000632320E.png,1.310
xrayTrain/E0040300063303E2_3_750/0_15784161186_4E0040300063303E2_00001.png,.750
xrayTrain/E004030001ACE7F2_3_894/1_15784002656_5E004030001ACE7F2.png,.894
xrayTrain/3_1_200/1_15743430189_4_.png,.200
xrayTrain/vizE00403000631684F_3_894/_1_15749500520_5_E00403000631684F.png,.894
xrayTrain/E00401000F095335_3_520/0_15790078367_4E00401000F095335_00001.png,.520
xrayTrain/E004030006316957_2_752/0_15790020098_4E004030006316957_01100.png,.752
xrayTrain/E00401000F095335_3_520/0_15784061506_4E00401000F095335_00001.png,.520
xrayTrain/E0040300063303E2_1_250/1_15731348110_4_E0040300063303E2_E0040300063303E2.png,.250
xrayTrain/E00403000631684F_3_552/0_15790034757_4E00403000631684F_00001.png,.552
xrayTrain/vizE004030006323A31_3_1092/_1_15749587115_5_E004030006323A31.png,1.092
xrayTrain/5_1_206/1_15743442031_4_.png,.206
xrayTrain/6_1_248/1_15743453718_4_.png,.248
xrayTrain/E00401000F095335_3_520/0_15790040112_4E00401000F095335_00001.png,.520
xrayTrain/E0040300063303E2_3_750/1_15784166972_4E0040300063303E2.png,.750
xrayTrain/E00401000F095335_3_520/0_15783995348_4E00401000F095335_01001.png,.520
xrayTrain/1_1_134/1_15743400507_4_.png,.134
xrayTrain/E00403000631684F_3_552/0_15784159982_4E00403000631684F_00001.png,.552
xrayTrain/E00403000632320E_3_1310/1_15790097078_5E00403000632320E.png,1.310
xrayTrain/E004030004D5F999_2_538/1_15790097433_4E004030004D5F999.png,.538
xrayTrain/E00403000631E265_3_1550/1_15790078925_5E00403000631E265.png,1.550
xrayTrain/E00403000631684F_3_552/0_15790076599_4E00403000631684F_00001.png,.552
xrayTrain/E00403500A0BFCA3_1_326/1_15731337398_4_E00403500A0BFCA3_E00403500A0BFCA3.png,.326
xrayTrain/E00401000F098D4B_3_800/1_15784022477_5E00401000F098D4B.png,.800
xrayTrain/E004030006316957_2_752/1_15731327915_5_E004030006316957_E004030006316957.png,.752
xrayTrain/E00401001276664D_1_312/1_15731345663_4_E00401001276664D_E00401001276664D.png,.312
xrayTrain/E004030006317088_1_298/1_15731352490_4_E004030006317088_E004030006317088.png,.298
xrayTrain/E00401000F095335_3_914/1_15731342633_5_E00401000F095335_E00401000F095335.png,.914
xrayTrain/E00403000219E862_1_304/1_15731334512_4_E00403000219E862_E00403000219E862.png,.304
xrayTrain/E0040300063303E2_3_750/0_15784038711_4E0040300063303E2_01101.png,.750
xrayTrain/E00401000F098D4B_3_800/1_15784061527_5E00401000F098D4B.png,.800
xrayTrain/E00403000631E265_3_1550/1_15790006399_5E00403000631E265.png,1.550
xrayTrain/2_3_1988/_0_15737546044_4.png,1.988
xrayTrain/E00403000631684F_3_552/0_15784161512_4E00403000631684F_01001.png,.552
xrayTrain/E004030001ACE7F2_3_894/1_15789987476_5E004030001ACE7F2.png,.894
xrayTrain/E004030006326B0E_1_290/1_15731374315_4_E004030006326B0E_E004030006326B0E.png,.290
xrayTrain/E00401000F098D4B_3_800/1_15790048975_5E00401000F098D4B.png,.800
xrayTrain/E00403000631684F_3_552/0_15790045686_4E00403000631684F_01000.png,.552
xrayTrain/E00401000F095335_3_520/0_15783993510_4E00401000F095335_00001.png,.520
xrayTrain/E004030004D5F999_2_538/1_15790066788_4E004030004D5F999.png,.538
xrayTrain/E00403000631E265_3_1550/1_15789992408_5E00403000631E265.png,1.550
xrayTrain/E004030006326B0E_1_290/1_15731346242_4_E004030006326B0E_E004030006326B0E.png,.290
xrayTrain/E004030006317088_1_298/1_15790064904_4E004030006317088.png,.298
xrayTrain/vizE00401000F095335_3_914/_1_15749495499_5_E00401000F095335.png,.914
xrayTrain/vizE004010010630740_3_950/_0_15749501081_3_E004010010630740.png,.950
xrayTrain/E004030006317088_1_298/1_15731335182_4_E004030006317088_E004030006317088.png,.298
xrayTrain/E00403000219E862_1_304/1_15731331456_4_E00403000219E862_E00403000219E862.png,.304
xrayTrain/vizE0040300063303E2_3_598/_0_15749574441_4_E0040300063303E2.png,.598
xrayTrain/vizE0040300063303E2_3_598/_0_15749573573_5_E0040300063303E2.png,.598
xrayTrain/E00403000631684F_3_552/0_15784129225_4E00403000631684F_01011.png,.552
xrayTrain/E00401000F098D4B_3_800/1_15784010816_5E00401000F098D4B.png,.800
xrayTrain/E00403000632320E_3_1310/1_15784166218_5E00403000632320E.png,1.310
xrayTrain/3_1_200/1_15743427524_4_0.png,.200
xrayTrain/E0040300063224A8_2_912/1_15790041181_4E0040300063224A8.png,.912
xrayTrain/E00403500CD469E5_3_300/0_15790010373_4E00403500CD469E5_01001.png,.300
xrayTrain/vizE0040300063303E2_3_598/_1_15749580374_5_E0040300063303E2.png,.598
xrayTrain/E004030007D66157_1_366/1_15731334211_4_E004030007D66157_E004030007D66157.png,.366
xrayTrain/vizE004030006333988_3_902/_0_15749591437_5_E004030006333988.png,.902
xrayTrain/vizE00403500CD469E5_3_814/_0_15749497977_3_E00403500CD469E5.png,.814
xrayTrain/vizE004030006318B71_3_740/_0_15749500367_3_E004030006318B71.png,.740
xrayTrain/E004030001ACE7F2_3_894/1_15784011456_5E004030001ACE7F2.png,.894
xrayTrain/vizE0040300063303E2_3_598/_1_15749584899_5_E0040300063303E2.png,.598
xrayTrain/E00403000631ABE6_1_273/1_15731361436_4_E00403000631ABE6_E00403000631ABE6.png,.273
xrayTrain/vizE0040300063303E2_3_598/_0_15744242455_4_E0040300063303E2.png,.598
xrayTrain/E00403500A0BFCA3_1_326/1_15790040154_4E00403500A0BFCA3.png,.326
xrayTrain/E004030006318B71_2_964/1_15784117266_5E004030006318B71.png,.964
xrayTrain/E00403000219E862_1_304/1_15731327729_4_E00403000219E862_E00403000219E862.png,.304
xrayTrain/vizE004030006333988_3_902/_0_15749499959_3_E004030006333988.png,.902
xrayTrain/E004030006318B71_3_740/1_15731365209_5_E004030006318B71_E004030006318B71.png,.740
xrayTrain/E00403000631684F_3_552/0_15784011303_4E00403000631684F_01001.png,.552
xrayTrain/vizE004030006333988_3_902/_0_15744241997_5_E004030006333988.png,.902
xrayTrain/E00403500CD469E5_3_300/0_15790047508_4E00403500CD469E5_11001.png,.300
xrayTrain/E00403000632320E_3_1310/1_15784018468_5E00403000632320E.png,1.310
xrayTrain/E004030006318256_1_256/1_15731335634_4_E004030006318256_E004030006318256.png,.256
xrayTrain/E00401000F095335_3_914/1_15731344007_5_E00401000F095335_E00401000F095335.png,.914
xrayTrain/E004030006317088_1_298/1_15731329425_4_E004030006317088_E004030006317088.png,.298
xrayTrain/0_1_62/1_15737524875_4.png,.062
xrayTrain/E00403000631684F_3_894/1_15731376370_5_E00403000631684F_E00403000631684F.png,.894
xrayTrain/1_1_134/1_15743405689_4_.png,.134
xrayTrain/E00403000219E862_1_304/1_15790033576_4E00403000219E862.png,.304
xrayTrain/vizE0040300063303E2_3_598/_0_15749567273_4_E0040300063303E2.png,.598
xrayTrain/vizE00403000631684F_3_894/_0_15749510275_5_E00403000631684F.png,.894
xrayTrain/vizE004030006333988_3_902/_0_15749515499_3_E004030006333988.png,.902
xrayTrain/0_1_62/1_15737524118_4.png,.062
xrayTrain/8_3_596/_1_15743464570_4_.png,.596
xrayTrain/vizE004030006318B71_3_740/_0_15749579811_5_E004030006318B71.png,.740
